x,y,z,label,filename,cluster
-18.977009,-13.326462,37.354404,0,018646.jpg,0
-18.95772,-10.323237,37.917355,0,185891.jpg,0
-19.044682,-10.015008,36.798107,0,108121.jpg,1
-20.023335,-12.19347,36.987648,0,165928.jpg,0
-19.67896,-10.2378435,37.375683,0,157137.jpg,1
-19.753857,-13.106096,37.190933,0,050751.jpg,0
-20.227608,-12.748353,37.74987,0,033348.jpg,0
-20.98664,-10.567202,37.66821,0,048452.jpg,1
-21.152355,-11.466803,35.864742,0,024391.jpg,0
-18.97829,-12.918466,37.30281,0,132075.jpg,0
-21.835459,-8.842091,36.69793,0,023957.jpg,1
-19.754393,-12.482562,38.271534,0,162383.jpg,0
-19.44474,-13.026028,37.742805,0,180921.jpg,0
-19.917204,-12.118904,37.546665,0,012764.jpg,0
-20.162539,-10.452085,36.903538,0,179845.jpg,1
-18.191944,-12.39502,37.74612,0,070227.jpg,0
-21.402767,-10.022828,35.088158,0,095896.jpg,1
-20.868658,-11.824514,35.801144,0,162243.jpg,0
-21.266544,-11.036901,35.99303,0,090009.jpg,0
-20.338993,-12.631708,37.341587,0,085507.jpg,0
-19.902897,-11.8186245,37.564804,0,085356.jpg,0
-19.088406,-11.878943,37.04346,0,182289.jpg,0
-20.825993,-10.797261,37.371365,0,024916.jpg,1
-19.894514,-12.841393,37.48465,0,066057.jpg,0
-19.289944,-12.609291,36.80734,0,164884.jpg,0
-19.121885,-12.067293,38.085514,0,145547.jpg,0
-18.500257,-12.092164,38.112923,0,055203.jpg,0
-19.99245,-11.188133,36.220863,0,064245.jpg,0
-18.54675,-9.787459,37.33267,0,156168.jpg,1
-18.752028,-9.751924,37.107975,0,062836.jpg,1
-19.535843,-11.22532,36.39912,0,175711.jpg,0
-20.38374,-12.35712,36.174263,0,078634.jpg,0
-18.980423,-12.015636,36.90787,0,197154.jpg,0
-19.532051,-9.273181,35.294487,0,157063.jpg,1
-20.418852,-12.294767,36.01272,0,194803.jpg,0
-21.467093,-11.06127,35.908985,0,192347.jpg,1
-18.82369,-10.556733,37.90936,0,084259.jpg,0
-19.59045,-13.339918,37.38425,0,092064.jpg,0
-19.878689,-12.417364,37.730064,0,039923.jpg,0
-18.139893,-10.866334,37.9391,0,107517.jpg,0
-19.986906,-9.482053,37.744705,0,072620.jpg,1
-20.427786,-9.887341,37.082645,0,155300.jpg,1
-20.405672,-11.286769,37.585873,0,102367.jpg,0
-19.443687,-12.366561,37.71119,0,057476.jpg,0
-18.62367,-12.518524,36.874527,0,045545.jpg,0
-19.503325,-12.211086,37.70297,0,177304.jpg,0
-21.346344,-10.177848,35.26152,0,010539.jpg,1
-20.209517,-11.5056095,36.89806,0,163944.jpg,0
-18.21564,-11.874248,37.436676,0,003632.jpg,0
-21.136755,-10.675369,37.112957,0,105472.jpg,1
-20.781473,-12.238721,36.125656,0,137197.jpg,0
-19.292385,-11.598359,37.79203,0,174054.jpg,0
-18.314981,-11.903579,38.14993,0,075229.jpg,0
-20.533636,-8.727365,35.190304,0,179473.jpg,1
-19.781935,-12.948212,37.285347,0,109947.jpg,0
-20.2805,-13.003706,36.694897,0,171056.jpg,0
-20.675686,-11.235562,37.595776,0,047625.jpg,0
-19.901125,-12.718547,38.091194,0,006254.jpg,0
-19.409742,-11.012515,38.26258,0,108644.jpg,0
-22.016947,-8.374612,37.02072,0,006596.jpg,1
-19.592163,-12.710949,36.63808,0,054324.jpg,0
-18.43701,-11.901651,37.03192,0,059897.jpg,0
-19.121983,-13.285004,36.90806,0,032153.jpg,0
-21.285925,-9.27171,37.30937,0,032748.jpg,1
-20.016052,-10.989771,37.709595,0,184326.jpg,0
-19.280596,-12.67248,37.574802,0,135755.jpg,0
-19.428808,-12.664345,37.67444,0,124603.jpg,0
-19.969675,-12.818456,37.706604,0,114417.jpg,0
-20.687569,-11.059048,36.86349,0,080656.jpg,0
-20.831835,-11.039451,36.15405,0,021190.jpg,0
-20.060928,-12.883359,36.934612,0,095372.jpg,0
-19.239697,-9.6391535,38.30245,0,039140.jpg,1
-21.166891,-10.953386,37.235676,0,199600.jpg,1
-19.457523,-10.184147,37.206272,0,071861.jpg,1
-20.635271,-11.315907,36.320393,0,070695.jpg,0
-19.994461,-13.106715,37.50654,0,108698.jpg,0
-20.339233,-13.343436,36.9946,0,124365.jpg,0
-18.385727,-10.0086565,37.514904,0,154027.jpg,0
-19.495453,-10.787561,36.336723,0,176670.jpg,0
-20.829084,-12.221489,37.549488,0,036247.jpg,0
-20.41862,-12.91206,36.74226,0,133834.jpg,0
-18.348154,-10.421449,37.87007,0,049971.jpg,0
-20.881433,-10.883632,36.204224,0,155458.jpg,0
-19.64816,-12.83454,36.523323,0,198621.jpg,0
-18.530851,-10.591976,38.16933,0,004409.jpg,0
-21.687767,-10.369857,35.507706,0,113636.jpg,1
-19.55117,-11.636718,36.94012,0,168221.jpg,0
-18.963247,-12.733582,37.65368,0,021162.jpg,0
-19.54042,-11.899714,37.686684,0,166912.jpg,0
-20.191952,-8.609685,37.191525,0,032881.jpg,1
-20.08641,-12.516771,37.728584,0,070046.jpg,0
-19.801859,-12.465772,36.725014,0,029649.jpg,0
-18.999397,-13.222488,36.953983,0,091707.jpg,0
-18.339952,-12.988232,37.01593,0,120847.jpg,0
-18.285162,-12.324583,37.89012,0,120908.jpg,0
-18.467426,-12.947188,37.665596,0,073237.jpg,0
-19.145775,-13.164259,37.72134,0,198323.jpg,0
-20.738888,-9.626143,38.10738,0,148289.jpg,1
-20.308176,-12.851918,37.691616,0,178556.jpg,0
-18.802807,-12.847874,36.191044,0,004136.jpg,0
-20.220587,-10.80939,37.722855,0,124686.jpg,0
-20.393084,-12.76373,36.131554,0,017645.jpg,0
-19.987057,-13.23725,37.802856,0,117842.jpg,0
-19.780117,-10.15225,37.436485,0,038072.jpg,1
-21.45697,-11.054175,35.88148,0,024775.jpg,1
-18.315247,-10.609065,37.99709,0,029670.jpg,0
-18.476706,-10.659261,37.92832,0,116488.jpg,0
-19.115505,-12.86321,37.38531,0,004540.jpg,0
-19.988897,-12.603175,36.303986,0,105160.jpg,0
-19.973452,-8.829546,36.48225,0,083880.jpg,1
-20.48588,-9.894489,38.20347,0,172198.jpg,1
-19.11807,-13.20902,37.837864,0,142499.jpg,0
-21.122337,-10.464296,37.88859,0,166264.jpg,1
-18.788677,-13.055184,37.421745,0,149304.jpg,0
-20.352997,-12.845863,36.89144,0,163435.jpg,0
-20.583853,-11.971012,35.92767,0,200160.jpg,0
-18.54939,-11.878902,37.940773,0,132620.jpg,0
-18.59587,-10.203251,37.962444,0,099311.jpg,0
-20.063568,-10.41857,36.701252,0,153844.jpg,1
-19.509943,-13.043264,36.718193,0,042134.jpg,0
-19.212257,-12.990255,37.421516,0,116201.jpg,0
-20.263979,-12.857325,37.17542,0,094417.jpg,0
-18.628717,-10.499927,37.784626,0,186245.jpg,0
-18.835196,-12.301637,37.001076,0,157437.jpg,0
-20.19916,-13.102087,36.488594,0,147434.jpg,0
-20.783012,-10.396817,36.89434,0,149459.jpg,1
-18.284098,-12.113942,37.51154,0,089838.jpg,0
-21.436678,-10.276594,35.295326,0,039520.jpg,1
-19.544392,-12.570548,36.77976,0,188875.jpg,0
-20.369158,-12.86609,36.16905,0,162448.jpg,0
-19.62278,-13.457116,37.509808,0,063685.jpg,0
-18.44015,-12.668795,37.993652,0,145875.jpg,0
-20.136353,-12.915638,37.795506,0,182339.jpg,0
-21.335274,-11.024203,35.704872,0,111574.jpg,1
-20.892035,-12.277762,36.812584,0,103099.jpg,0
-20.452574,-11.2062,37.7982,0,177420.jpg,0
-20.387089,-13.032272,36.767876,0,075182.jpg,0
-19.864218,-11.598863,37.054016,0,175736.jpg,0
-20.281055,-12.748467,36.28355,0,128360.jpg,0
-18.933237,-13.33951,37.465252,0,095327.jpg,0
-20.23497,-13.313946,37.185097,0,089377.jpg,0
-18.964447,-12.741289,36.538933,0,043616.jpg,0
-18.352152,-11.962882,37.066414,0,024417.jpg,0
-20.793598,-10.384233,38.15204,0,028872.jpg,1
-19.972898,-12.365179,35.985035,0,140843.jpg,0
-19.791351,-12.442849,37.214314,0,198957.jpg,0
-21.522755,-10.763309,35.50817,0,056682.jpg,1
-18.735643,-12.37764,36.61024,0,073827.jpg,0
-18.992907,-10.420078,38.087563,0,138213.jpg,0
-20.684795,-10.675689,37.922245,0,071551.jpg,1
-18.250507,-12.694064,37.734814,0,002662.jpg,0
-18.219257,-11.103555,37.9556,0,201547.jpg,0
-18.787235,-10.571988,37.39636,0,139378.jpg,0
-20.31034,-12.501401,36.635002,0,157895.jpg,0
-18.951122,-12.873949,37.544857,0,184853.jpg,0
-19.788462,-12.020137,37.111156,0,093110.jpg,0
-19.84846,-13.579712,36.846195,0,005091.jpg,0
-18.98659,-11.553507,37.723248,0,067378.jpg,0
-19.557613,-12.816805,36.37692,0,109959.jpg,0
-20.196598,-12.362136,37.87782,0,193360.jpg,0
-19.7854,-10.28237,37.842453,0,106478.jpg,1
-19.877478,-13.261262,36.336357,0,026041.jpg,0
-20.062168,-11.836125,36.361668,0,031273.jpg,0
-19.476982,-13.006601,37.748558,0,130792.jpg,0
-19.30748,-10.446038,37.781643,0,021380.jpg,0
-19.163185,-12.90078,36.59652,0,135686.jpg,0
-19.888865,-12.795689,37.77955,0,086193.jpg,0
-19.699596,-11.09863,36.432545,0,169089.jpg,0
-20.07152,-12.76928,37.23919,0,008438.jpg,0
-20.968527,-10.416543,37.40543,0,049321.jpg,1
-18.835958,-12.281473,38.20054,0,184867.jpg,0
-20.386766,-12.597024,36.053444,0,060912.jpg,0
-20.300762,-7.833753,37.313534,0,022672.jpg,1
-20.086676,-10.746093,36.180412,0,138598.jpg,0
-18.333334,-12.84158,36.929794,0,192358.jpg,0
-18.507454,-11.875173,37.76775,0,083996.jpg,0
-20.59085,-12.65659,36.615196,0,148494.jpg,0
-20.154678,-13.092702,37.71617,0,030577.jpg,0
-20.87354,-8.91317,35.716312,0,144384.jpg,1
-20.10016,-9.16825,35.503628,0,107503.jpg,1
-21.127663,-10.751242,37.12545,0,087890.jpg,1
-19.774862,-13.069581,37.915844,0,099564.jpg,0
-19.38539,-10.811423,37.864098,0,004757.jpg,0
-19.468184,-9.803841,37.68494,0,040313.jpg,1
-18.227352,-13.078526,37.244854,0,195835.jpg,0
-18.627333,-10.807392,37.39367,0,193685.jpg,0
-20.39939,-8.418949,36.049374,0,066130.jpg,1
-18.533548,-11.155904,37.67561,0,020394.jpg,0
-19.341755,-12.997165,37.280453,0,052153.jpg,0
-19.66674,-12.713346,37.975018,0,191656.jpg,0
-21.225834,-10.372977,35.385,0,028000.jpg,1
-20.119324,-10.571768,37.58703,0,083366.jpg,0
-19.17457,-12.256363,36.98669,0,031020.jpg,0
-18.492258,-9.677795,37.420094,0,030340.jpg,1
-20.228777,-11.947105,36.90308,0,006801.jpg,0
-18.703693,-11.165576,38.00396,0,094846.jpg,0
-18.71485,-11.12593,38.114086,0,137909.jpg,0
-20.248308,-11.209726,37.784855,0,164361.jpg,0
-18.824987,-12.83875,36.2012,0,108387.jpg,0
-19.553968,-12.92275,37.118084,0,181894.jpg,0
-20.862785,-12.603531,36.620964,0,129023.jpg,0
-20.069984,-13.016085,37.423862,0,106164.jpg,0
-20.54214,-11.203136,37.92918,0,158747.jpg,0
-18.386087,-10.542574,38.34871,0,197021.jpg,0
-20.476376,-11.079724,37.825886,0,044998.jpg,0
-19.234468,-13.336497,37.64,0,067625.jpg,0
-19.755524,-13.090723,36.791576,0,130866.jpg,0
-19.213858,-13.300084,37.710587,0,161481.jpg,0
-19.208467,-12.693631,36.594166,0,017438.jpg,0
-20.954865,-11.657902,37.163624,0,164527.jpg,0
-19.132446,-11.022371,38.184753,0,118092.jpg,0
-19.645031,-8.53272,35.496727,0,140446.jpg,1
-20.481983,-12.250923,37.804165,0,043352.jpg,0
-18.928923,-9.765848,37.12347,0,139893.jpg,1
-19.4917,-11.6014595,36.305473,0,167217.jpg,0
-19.80323,-13.111558,37.52378,0,010561.jpg,0
-20.938858,-12.116956,36.24134,0,114444.jpg,0
-20.82321,-12.147054,36.339077,0,071231.jpg,0
-19.018124,-10.059297,37.84885,0,154465.jpg,1
-19.848022,-10.995537,37.316757,0,169278.jpg,0
-19.01798,-10.044042,38.015255,0,008968.jpg,1
-19.72601,-12.261845,38.04955,0,101103.jpg,0
-18.640429,-13.121113,37.38138,0,092029.jpg,0
-19.550205,-12.283535,38.294247,0,179566.jpg,0
-18.873047,-11.732307,37.33397,0,198641.jpg,0
-18.962835,-12.250539,37.42041,0,096974.jpg,0
-21.337412,-9.974638,35.066475,0,098046.jpg,1
-19.447956,-12.560592,37.547955,0,027139.jpg,0
-19.235924,-13.246002,37.259354,0,138473.jpg,0
-19.292847,-13.068155,36.84443,0,049204.jpg,0
-18.733023,-13.259902,37.015194,0,116187.jpg,0
-18.315937,-10.323789,37.79321,0,175648.jpg,0
-20.707401,-11.184306,35.679874,0,176803.jpg,0
-18.404955,-12.697406,37.615337,0,161490.jpg,0
-19.796696,-13.418026,36.531437,0,200725.jpg,0
-19.061993,-12.362629,38.180347,0,034982.jpg,0
-18.531984,-10.968155,37.93814,0,055053.jpg,0
-19.136871,-12.295917,37.50658,0,201541.jpg,0
-20.122093,-11.966577,37.356934,0,059282.jpg,0
-21.040787,-10.274391,37.687897,0,069071.jpg,1
-21.721024,-8.995896,37.44714,0,057203.jpg,1
-18.347246,-12.599654,36.849007,0,159904.jpg,0
-18.315596,-11.431539,37.396008,0,101009.jpg,0
-18.790438,-12.235981,37.211674,0,186394.jpg,0
-18.40211,-10.773117,37.75929,0,199735.jpg,0
-20.009186,-9.572117,37.113373,0,175704.jpg,1
-18.407738,-12.952952,36.883045,0,190028.jpg,0
-18.905853,-13.403488,36.897552,0,172092.jpg,0
-19.583233,-12.83467,36.529602,0,021798.jpg,0
-20.476929,-8.574137,37.474064,0,056102.jpg,1
-19.584347,-12.936827,37.561302,0,083581.jpg,0
-18.613544,-9.431969,37.77286,0,114355.jpg,1
-18.562487,-12.809741,36.43994,0,201052.jpg,0
-20.966948,-10.769586,36.15479,0,149198.jpg,1
-20.499327,-10.050431,37.823486,0,076789.jpg,1
-21.084927,-12.047505,36.226902,0,086797.jpg,0
-19.295391,-12.563262,36.287205,0,098992.jpg,0
-18.686815,-10.876168,37.75188,0,067272.jpg,0
-19.849752,-11.603219,37.387867,0,174628.jpg,0
-19.912346,-11.887673,36.124958,0,116628.jpg,0
-20.649597,-12.263229,37.34155,0,133469.jpg,0
-19.2633,-12.347142,37.071587,0,023824.jpg,0
-18.523912,-13.012861,37.757202,0,088594.jpg,0
-21.10713,-11.808216,36.462513,0,088724.jpg,0
-19.35685,-9.457434,37.259212,0,054085.jpg,1
-18.182528,-10.145337,37.76853,0,175301.jpg,0
-20.533096,-10.886381,36.768143,0,026985.jpg,0
-20.479668,-12.448041,36.135624,0,135364.jpg,0
-20.15107,-8.512407,38.1096,0,011088.jpg,1
-19.367191,-13.083516,37.42331,0,154249.jpg,0
-18.576012,-13.025585,37.123055,0,030013.jpg,0
-19.233164,-13.499885,37.22055,0,028251.jpg,0
-19.770449,-8.6875515,36.12957,0,175533.jpg,1
-19.308405,-12.396626,37.441433,0,125675.jpg,0
-18.243402,-12.980259,37.365856,0,191806.jpg,0
-20.810091,-10.275519,36.976013,0,171473.jpg,1
-20.20084,-13.350763,37.11431,0,126227.jpg,0
-21.06698,-10.128301,37.779663,0,105950.jpg,1
-19.384682,-12.289551,36.986317,0,125670.jpg,0
-20.413046,-10.866374,36.83053,0,150193.jpg,0
-19.652157,-12.356838,36.83301,0,150267.jpg,0
-19.579227,-12.1359215,36.20328,0,119816.jpg,0
-19.670069,-13.107778,37.967213,0,108059.jpg,0
-19.994677,-12.629622,37.127174,0,116203.jpg,0
-21.469357,-10.30684,37.532436,0,145742.jpg,1
-18.851845,-12.647238,36.794136,0,100216.jpg,0
-20.899992,-11.532738,36.899864,0,113984.jpg,0
-20.825632,-10.297792,37.297512,0,152786.jpg,1
-20.7467,-13.108731,36.82452,0,001665.jpg,0
-19.443645,-13.196922,37.030003,0,002202.jpg,0
-19.862602,-13.256451,37.082806,0,033448.jpg,0
-18.966867,-13.323597,37.52424,0,036669.jpg,0
-18.201647,-12.441798,37.718258,0,043398.jpg,0
-20.955688,-11.990094,36.08228,0,143581.jpg,0
-19.539557,-12.287296,36.32393,0,178033.jpg,0
-19.614986,-9.956179,38.294388,0,158021.jpg,1
-18.516684,-12.6157255,37.428535,0,104113.jpg,0
-21.025566,-12.0194235,36.226635,0,139635.jpg,0
-18.871695,-9.485139,38.032738,0,124207.jpg,1
-18.992868,-9.708276,37.624226,0,007357.jpg,1
-21.463255,-9.610312,36.981567,0,175714.jpg,1
-20.726116,-12.660006,36.599693,0,077817.jpg,0
-20.22245,-12.829553,37.126835,0,016633.jpg,0
-20.943897,-12.002943,37.50664,0,160275.jpg,0
-19.356146,-12.893631,36.584698,0,007588.jpg,0
-21.372395,-11.257021,36.08911,0,005334.jpg,0
-18.708336,-10.442764,37.899544,0,009722.jpg,0
-19.1872,-12.901006,36.841816,0,174942.jpg,0
-18.489233,-12.259046,37.36599,0,152987.jpg,0
-18.95102,-12.817964,37.94044,0,086471.jpg,0
-19.717852,-12.794529,37.306107,0,047987.jpg,0
-18.154663,-13.135592,37.290817,0,052405.jpg,0
-20.692518,-12.384356,37.808407,0,051361.jpg,0
-20.827122,-11.600366,35.933945,0,129790.jpg,0
-19.38427,-10.082471,37.474907,0,119357.jpg,1
-19.800972,-9.596378,37.585033,0,143624.jpg,1
-19.334621,-13.377874,37.208424,0,183170.jpg,0
-21.367332,-10.71205,36.77714,0,028876.jpg,1
-19.2941,-10.548986,38.204502,0,171110.jpg,0
-19.10084,-8.540483,36.07084,0,024645.jpg,1
-19.872393,-10.675311,36.849983,0,121070.jpg,0
-19.604586,-13.295577,36.55811,0,069216.jpg,0
-20.846357,-10.64448,38.288124,0,004663.jpg,1
-20.059828,-12.8355,36.95298,0,028284.jpg,0
-20.941483,-11.748496,35.806545,0,138886.jpg,0
-19.60091,-12.08773,37.94445,0,089826.jpg,0
-18.12299,-11.652166,37.529606,0,058577.jpg,0
-19.519651,-12.326231,37.56873,0,150707.jpg,0
-20.594742,-10.223112,36.967625,0,046299.jpg,1
-19.463478,-10.553089,36.43032,0,188720.jpg,0
-21.104198,-12.223332,36.379,0,138606.jpg,0
-19.430298,-11.712859,37.420494,0,093979.jpg,0
-20.270212,-11.954402,35.99429,0,174608.jpg,0
-18.46629,-11.748092,37.95945,0,029806.jpg,0
-20.893484,-11.020427,35.94386,0,045785.jpg,0
-20.59476,-12.196196,36.6602,0,077265.jpg,0
-20.7224,-8.404428,35.32106,0,040272.jpg,1
-18.257746,-11.405217,37.99908,0,158335.jpg,0
-19.102077,-13.18364,37.898293,0,030644.jpg,0
-20.572523,-12.723452,36.651955,0,189730.jpg,0
-18.141233,-10.970218,37.349438,0,053317.jpg,0
-20.992104,-11.10344,35.899265,0,141825.jpg,0
-19.239492,-10.261772,37.616703,0,108039.jpg,0
-18.269335,-11.19522,37.221905,0,106253.jpg,0
-18.495022,-9.339697,37.189964,0,201479.jpg,1
-21.118488,-9.962108,37.30725,0,028445.jpg,1
-20.43502,-12.256136,36.44528,0,197998.jpg,0
-18.899525,-12.512841,36.347282,0,166718.jpg,0
-18.644505,-11.73591,37.64574,0,196062.jpg,0
-20.569029,-12.015379,35.88265,0,045944.jpg,0
-18.522371,-11.370557,37.937786,0,112357.jpg,0
-18.791946,-11.354548,38.132534,0,198095.jpg,0
-19.22685,-12.628336,37.308258,0,075672.jpg,0
-19.228996,-12.367165,36.90501,0,083706.jpg,0
-20.339127,-10.488681,37.27675,0,056243.jpg,1
-18.484604,-12.366035,37.721825,0,025995.jpg,0
-18.368942,-12.367825,37.93639,0,024675.jpg,0
-20.254055,-13.256804,36.800766,0,044672.jpg,0
-20.069563,-8.672938,37.394024,0,153808.jpg,1
-19.17494,-13.401621,37.028942,0,067885.jpg,0
-20.65436,-12.791321,36.0796,0,137277.jpg,0
-18.886108,-11.9852495,38.29578,0,055348.jpg,0
-18.655888,-13.17532,36.753006,0,142891.jpg,0
-21.190855,-11.046598,36.60368,0,003427.jpg,0
-18.08433,-11.099474,38.032536,0,036412.jpg,0
-21.033623,-10.185669,37.576004,0,108367.jpg,1
-19.341328,-12.856277,38.15556,0,167097.jpg,0
-18.679117,-12.782067,37.653316,0,113580.jpg,0
-20.473711,-12.235103,37.399654,0,099279.jpg,0
-19.75327,-12.119739,36.499775,0,147184.jpg,0
-20.41316,-12.747765,37.502743,0,148116.jpg,0
-20.058054,-12.607447,36.311165,0,151724.jpg,0
-19.023735,-13.052647,36.810165,0,201233.jpg,0
-21.492273,-10.842117,37.31639,0,088686.jpg,1
-21.302141,-11.844996,37.096275,0,192978.jpg,0
-18.448107,-10.20321,37.67977,0,171300.jpg,0
-21.116278,-11.51277,37.55544,0,171287.jpg,0
-19.107237,-12.762664,37.62765,0,118052.jpg,0
-18.444923,-12.066214,37.237164,0,055225.jpg,0
-21.362255,-11.087595,37.816284,0,163609.jpg,0
-18.57934,-12.355367,36.699852,0,139020.jpg,0
-20.387861,-13.06213,37.36868,0,054197.jpg,0
-20.11435,-13.2019415,37.37265,0,151945.jpg,0
-18.453909,-11.262502,37.97161,0,133426.jpg,0
-21.43431,-10.498641,35.493595,0,076258.jpg,1
-20.628546,-10.640515,37.18929,0,086983.jpg,1
-19.243177,-12.958984,38.089256,0,075565.jpg,0
-19.521175,-13.367349,37.760056,0,054207.jpg,0
-18.732634,-12.74603,36.888706,0,137515.jpg,0
-20.768356,-12.196547,37.427082,0,164324.jpg,0
-21.418116,-10.314201,35.310406,0,097555.jpg,1
-19.766747,-12.990484,37.264114,0,027415.jpg,0
-18.427818,-12.147506,37.049484,0,201002.jpg,0
-18.64697,-10.095855,37.6736,0,166900.jpg,0
-18.022139,-10.58153,37.953655,0,119273.jpg,0
-18.966396,-11.806181,36.900776,0,108869.jpg,0
-20.387558,-12.81237,35.986668,0,080571.jpg,0
-20.679596,-10.798333,37.9531,0,187288.jpg,0
-20.651215,-12.717776,36.43248,0,154239.jpg,0
-18.683071,-13.298399,37.313454,0,128175.jpg,0
-18.8528,-10.928352,38.086277,0,172996.jpg,0
-18.500353,-10.939759,37.887512,0,133043.jpg,0
-20.4981,-11.784801,37.758564,0,116694.jpg,0
-20.883165,-10.376874,38.00667,0,189124.jpg,1
-20.52175,-10.689689,38.03903,0,128545.jpg,0
-18.621098,-13.1431265,36.726982,0,047947.jpg,0
-19.838589,-13.013528,36.662464,0,132047.jpg,0
-18.244993,-10.625814,38.000988,0,042392.jpg,0
-18.714373,-11.644509,38.20805,0,046677.jpg,0
-21.431936,-11.063179,37.328907,0,133479.jpg,0
-21.815847,-9.9465685,36.400043,0,197455.jpg,1
-20.248434,-11.2591715,36.256905,0,139590.jpg,0
-20.045881,-11.647358,37.295963,0,002527.jpg,0
-20.868565,-10.225132,37.03822,0,081044.jpg,1
-20.087744,-8.622463,36.93562,0,151869.jpg,1
-18.474445,-12.484841,37.973736,0,023006.jpg,0
-20.55621,-8.304624,36.6894,0,125403.jpg,1
-21.030428,-8.716387,36.412617,0,133529.jpg,1
-19.590681,-9.277336,36.577698,0,059241.jpg,1
-18.779373,-11.027535,37.19959,0,050030.jpg,0
-20.469107,-12.514932,36.908756,0,088461.jpg,0
-18.374731,-11.444664,37.390003,0,128130.jpg,0
-18.475662,-12.373875,36.38271,0,072464.jpg,0
-21.013247,-10.616899,37.453392,0,120504.jpg,1
-20.54329,-12.9240055,37.466537,0,127485.jpg,0
-19.027033,-11.405802,37.025887,0,176707.jpg,0
-19.825811,-10.230259,36.38841,0,074999.jpg,1
-20.213242,-13.2380295,37.441906,0,053923.jpg,0
-20.792688,-12.435204,36.66852,0,110439.jpg,0
-18.286882,-10.581154,38.113224,0,201307.jpg,0
-18.900854,-12.998309,37.110622,0,150218.jpg,0
-20.947695,-12.0081835,36.60551,0,159491.jpg,0
-18.511997,-10.770731,37.20104,0,147424.jpg,0
-19.705208,-12.570183,37.417957,0,057142.jpg,0
-19.342241,-11.934719,38.175762,0,136581.jpg,0
-19.81993,-11.884185,37.253765,0,154877.jpg,0
-18.944847,-13.277725,36.849766,0,034227.jpg,0
-20.787453,-12.665195,36.218636,0,067457.jpg,0
-20.481163,-9.778205,38.506042,0,111893.jpg,1
-20.762423,-12.240059,36.163425,0,094003.jpg,0
-21.217037,-10.139716,38.191433,0,058288.jpg,1
-18.657217,-8.5615635,35.920612,0,134839.jpg,1
-20.891733,-12.056979,36.003487,0,196846.jpg,0
-20.148165,-12.43149,36.347057,0,132574.jpg,0
-19.915598,-13.486872,36.764015,0,170727.jpg,0
-20.643698,-13.054334,36.73682,0,085077.jpg,0
-19.789896,-13.461014,37.14003,0,171087.jpg,0
-20.5108,-9.298255,36.286583,0,088176.jpg,1
-19.506153,-12.220323,36.932613,0,005406.jpg,0
-20.42486,-10.816407,37.132374,0,111033.jpg,0
-18.56843,-12.534099,37.973698,0,123622.jpg,0
-18.175877,-12.114512,37.984512,0,033200.jpg,0
-18.709278,-13.33948,37.14938,0,147227.jpg,0
-20.015436,-12.482751,37.844025,0,032794.jpg,0
-19.535517,-10.995163,37.805386,0,113739.jpg,0
-18.641058,-10.316917,38.04967,0,133459.jpg,0
-18.651617,-12.546063,36.555576,0,033196.jpg,0
-20.12227,-12.100377,37.837444,0,119995.jpg,0
-19.746798,-13.124497,37.28526,0,130037.jpg,0
-18.348291,-12.782362,37.5165,0,168979.jpg,0
-20.984509,-11.154327,36.030834,0,043504.jpg,0
-18.703907,-11.882515,37.975582,0,126502.jpg,0
-18.861427,-12.59232,37.52625,0,152691.jpg,0
-19.909279,-10.614894,36.322487,0,142262.jpg,0
-19.533052,-12.523025,37.724773,0,004205.jpg,0
-18.73977,-11.09386,37.43213,0,072529.jpg,0
-19.38065,-12.140123,37.20262,0,077485.jpg,0
-19.791332,-13.520159,37.01863,0,115117.jpg,0
-20.82897,-11.332532,35.90695,0,083292.jpg,0
-19.161623,-10.490932,37.51155,0,030448.jpg,0
-20.195753,-12.483595,36.631603,0,041731.jpg,0
-19.457613,-9.759759,36.850445,0,083075.jpg,1
-20.385113,-12.499625,36.901188,0,144594.jpg,0
-19.843552,-13.612011,36.634365,0,022569.jpg,0
-18.521832,-11.746658,36.459263,0,039895.jpg,0
-18.204535,-11.294959,37.817036,0,066469.jpg,0
-19.092981,-12.783465,37.762268,0,048705.jpg,0
-18.765087,-12.000904,36.476967,0,024844.jpg,0
-20.641554,-12.83955,36.49006,0,084146.jpg,0
-18.327766,-10.674804,37.47898,0,095574.jpg,0
-20.14502,-12.409421,37.335167,0,037043.jpg,0
-18.503624,-13.142216,37.08527,0,147716.jpg,0
-19.552103,-12.86238,38.180817,0,016124.jpg,0
-19.18468,-13.072865,36.68806,0,177128.jpg,0
-18.697697,-12.17317,36.622646,0,039511.jpg,0
-20.145653,-13.4088,36.9627,0,123693.jpg,0
-19.732187,-12.76391,38.20293,0,105161.jpg,0
-21.156168,-10.873511,36.69745,0,080873.jpg,1
-20.046446,-12.988614,37.415848,0,120642.jpg,0
-20.049143,-10.511894,36.463173,0,107353.jpg,1
-21.383265,-10.0746155,36.828587,0,019117.jpg,1
-18.2952,-10.311079,37.23756,0,058533.jpg,0
-20.805002,-10.6213,38.401886,0,044629.jpg,1
-18.258028,-13.129838,37.34084,0,030463.jpg,0
-20.821184,-12.748532,37.170013,0,025642.jpg,0
-21.191286,-11.33419,35.594955,0,053583.jpg,0
-20.420044,-12.835131,36.13466,0,070089.jpg,0
-19.354212,-12.539239,38.018425,0,066404.jpg,0
-19.737213,-11.538745,37.289375,0,078623.jpg,0
-18.246973,-10.831755,37.6114,0,099367.jpg,0
-21.489494,-9.552259,35.561867,0,172622.jpg,1
-21.033148,-11.84452,36.073654,0,087841.jpg,0
-20.71182,-9.705948,37.675262,0,037121.jpg,1
-19.88039,-8.142733,35.42007,0,162341.jpg,1
-19.538158,-9.326982,36.40326,0,102038.jpg,1
-20.05166,-11.71947,36.32504,0,080858.jpg,0
-19.162582,-11.668298,36.490417,0,137441.jpg,0
-19.71298,-11.766295,37.653614,0,067276.jpg,0
-18.727514,-12.059037,37.298195,0,060982.jpg,0
-20.891527,-11.270824,36.756233,0,186782.jpg,0
-18.620249,-12.735769,37.26785,0,031264.jpg,0
-19.637268,-10.588292,36.02429,0,095487.jpg,0
-19.246798,-12.46802,36.871475,0,184300.jpg,0
-18.175323,-10.484788,37.605923,0,025588.jpg,0
-19.662277,-8.675296,35.456177,0,093666.jpg,1
-18.318825,-12.62605,37.63173,0,157253.jpg,0
-19.268194,-12.5666,37.301624,0,060602.jpg,0
-19.976364,-9.440171,37.473938,0,017023.jpg,1
-18.965307,-13.435911,37.43412,0,108989.jpg,0
-20.394342,-12.642679,37.811504,0,092548.jpg,0
-18.355677,-9.652423,37.47576,0,133695.jpg,1
-19.675144,-12.928945,37.732925,0,088492.jpg,0
-19.39022,-11.926909,37.281647,0,021882.jpg,0
-18.92526,-12.949505,36.396282,0,044760.jpg,0
-19.25306,-10.983938,38.02833,0,179796.jpg,0
-19.49025,-12.21657,38.008217,0,190955.jpg,0
-20.749208,-12.715987,36.97326,0,024882.jpg,0
-18.703976,-11.763141,36.306084,0,160985.jpg,0
-18.902609,-13.008593,36.71052,0,008096.jpg,0
-20.172052,-12.979728,36.192177,0,014269.jpg,0
-21.521664,-10.693235,36.72607,0,012542.jpg,1
-18.915543,-10.462369,37.84509,0,179568.jpg,0
-19.539616,-11.602256,37.435154,0,081996.jpg,0
-20.27823,-12.881485,37.728806,0,093015.jpg,0
-20.451473,-13.165299,37.222054,0,190131.jpg,0
-18.207949,-11.988937,37.76427,0,062527.jpg,0
-19.794989,-10.79054,38.053234,0,114191.jpg,0
-19.695105,-13.2252245,36.612476,0,148515.jpg,0
-21.14133,-11.659712,35.925297,0,116655.jpg,0
-20.729147,-11.733634,37.163464,0,172965.jpg,0
-19.74253,-13.464761,37.508705,0,173962.jpg,0
-19.812689,-9.630073,37.080444,0,194369.jpg,1
-20.22984,-12.979389,36.72319,0,097268.jpg,0
-18.904627,-11.8935175,36.967094,0,131190.jpg,0
-19.252226,-12.068574,36.455074,0,113892.jpg,0
-20.69133,-10.1217375,36.810276,1,001782.jpg,1
-19.013756,-8.744715,36.84573,1,007106.jpg,1
-19.436913,-8.417848,37.571934,1,074832.jpg,1
-22.275852,-8.560025,37.1745,1,121950.jpg,1
-21.628656,-9.198006,38.053806,1,133612.jpg,1
-21.622746,-8.478108,38.02465,1,017966.jpg,1
-21.699219,-9.817812,38.09695,1,183924.jpg,1
-20.329626,-8.734411,36.833584,1,114141.jpg,1
-21.835709,-8.379553,37.1857,1,128158.jpg,1
-20.535114,-7.7609587,37.522926,1,070409.jpg,1
-21.210539,-11.630885,36.376366,1,093213.jpg,0
-21.88022,-9.093037,38.127632,1,052692.jpg,1
-21.828081,-7.9669876,37.081455,1,097164.jpg,1
-21.33962,-7.935416,36.58087,1,144180.jpg,1
-20.397367,-7.7873945,36.44202,1,081374.jpg,1
-19.336226,-9.561149,38.407776,1,058986.jpg,1
-20.690405,-8.2675905,35.5424,1,030048.jpg,1
-20.926216,-7.54636,37.18596,1,178382.jpg,1
-20.208292,-7.6103606,36.906887,1,139925.jpg,1
-20.20795,-8.218314,38.28367,1,183172.jpg,1
-21.074226,-8.208167,38.09966,1,074822.jpg,1
-19.898682,-8.4164915,37.544262,1,144215.jpg,1
-20.493807,-9.198144,38.476204,1,140687.jpg,1
-21.983181,-8.933927,37.1169,1,034553.jpg,1
-21.617264,-10.231058,35.57338,1,073913.jpg,1
-21.727102,-9.194872,36.6269,1,081274.jpg,1
-21.021008,-8.361507,37.66098,1,008426.jpg,1
-21.359484,-9.939433,35.09262,1,010562.jpg,1
-21.645018,-10.624753,35.57311,1,016406.jpg,1
-20.93605,-8.797748,35.905422,1,006713.jpg,1
-19.882318,-8.456932,37.550762,1,110900.jpg,1
-19.068945,-9.898994,38.151066,1,109877.jpg,1
-20.046286,-8.089306,35.514465,1,063679.jpg,1
-20.812868,-9.101201,38.63933,1,190035.jpg,1
-20.481205,-8.43862,37.282204,1,095924.jpg,1
-21.60699,-8.043551,36.595684,1,061343.jpg,1
-21.10098,-8.235743,38.410603,1,199303.jpg,1
-20.712557,-8.998634,35.046078,1,003928.jpg,1
-22.011965,-8.577085,37.14666,1,037993.jpg,1
-21.372719,-7.985237,37.699837,1,024094.jpg,1
-18.645596,-8.446914,35.828766,1,078004.jpg,1
-21.118494,-8.243445,36.127644,1,165813.jpg,1
-22.250416,-8.90272,36.876358,1,027132.jpg,1
-20.325031,-8.067674,37.79116,1,179991.jpg,1
-20.327827,-8.845308,36.91051,1,154445.jpg,1
-21.194376,-11.728343,36.0264,1,099801.jpg,0
-21.92629,-8.7539015,37.556908,1,021161.jpg,1
-21.354729,-8.859275,37.970634,1,151284.jpg,1
-22.20851,-8.941812,37.526745,1,183923.jpg,1
-21.028074,-10.869506,38.18597,1,031272.jpg,1
-19.945316,-8.976009,35.332672,1,172061.jpg,1
-19.940275,-10.344979,38.104656,1,098718.jpg,1
-20.661947,-10.865081,38.363132,1,017297.jpg,0
-20.166183,-8.019792,37.115448,1,055966.jpg,1
-21.41862,-7.907339,37.86758,1,120322.jpg,1
-21.327518,-9.049996,36.522156,1,072443.jpg,1
-21.003876,-8.69192,37.322937,1,103439.jpg,1
-20.045792,-8.34745,37.908634,1,017366.jpg,1
-20.422428,-10.010403,36.385746,1,194979.jpg,1
-21.02905,-7.6483583,37.936836,1,125045.jpg,1
-21.342327,-7.6069517,37.008434,1,144075.jpg,1
-20.41259,-8.231209,38.190712,1,038111.jpg,1
-22.376461,-8.485254,37.01826,1,138576.jpg,1
-20.386478,-9.678138,38.29772,1,129622.jpg,1
-22.127867,-8.279529,36.53315,1,087490.jpg,1
-20.995544,-9.376868,37.139904,1,147165.jpg,1
-20.787153,-9.195537,38.417458,1,000282.jpg,1
-18.799292,-8.361679,35.999886,1,063683.jpg,1
-22.071802,-9.085605,37.620277,1,058720.jpg,1
-21.035944,-7.8363204,38.140556,1,123615.jpg,1
-20.48193,-9.394709,36.999466,1,014577.jpg,1
-21.767515,-8.744064,36.06936,1,149023.jpg,1
-19.598679,-10.107801,37.104362,1,175358.jpg,1
-20.375462,-8.622364,36.444275,1,025139.jpg,1
-20.287613,-13.164647,37.30138,1,018103.jpg,0
-20.961218,-9.04269,36.66778,1,019426.jpg,1
-21.256033,-9.249079,38.450176,1,017298.jpg,1
-21.174198,-8.291203,37.03001,1,004762.jpg,1
-21.496073,-8.74343,37.750538,1,173279.jpg,1
-19.909447,-8.028905,35.746548,1,005390.jpg,1
-20.444054,-8.700085,38.475166,1,028894.jpg,1
-21.452265,-9.408604,37.60496,1,158334.jpg,1
-21.493166,-10.191116,35.558887,1,164375.jpg,1
-21.756405,-8.94446,37.456024,1,024111.jpg,1
-20.417604,-8.941959,38.14407,1,025875.jpg,1
-22.164154,-8.60492,37.553883,1,199388.jpg,1
-21.309237,-7.8462896,37.054306,1,119561.jpg,1
-21.736523,-8.147278,37.564457,1,062421.jpg,1
-19.657978,-7.8738346,37.858315,1,081841.jpg,1
-22.216637,-9.0457115,37.036278,1,133220.jpg,1
-20.954248,-7.963437,37.29432,1,033687.jpg,1
-20.078522,-8.253839,35.45358,1,165837.jpg,1
-21.349758,-9.506996,38.183605,1,016217.jpg,1
-18.534443,-10.097044,38.036728,1,191283.jpg,0
-21.301708,-8.298792,36.753746,1,074149.jpg,1
-21.465778,-7.8320584,37.888878,1,028494.jpg,1
-20.703165,-8.471228,35.272453,1,162315.jpg,1
-21.335253,-7.6903567,37.78381,1,153153.jpg,1
-21.493032,-9.923803,35.087276,1,055995.jpg,1
-20.122297,-9.141074,36.48307,1,062309.jpg,1
-19.078867,-8.23014,36.14366,1,171498.jpg,1
-21.908754,-10.021461,37.051853,1,062954.jpg,1
-20.3464,-8.368693,37.445053,1,153310.jpg,1
-20.50693,-8.28828,36.603085,1,142646.jpg,1
-21.222116,-9.513256,37.003258,1,189651.jpg,1
-19.176456,-12.785438,37.019424,1,084268.jpg,0
-21.449253,-8.196126,37.266537,1,038974.jpg,1
-20.112444,-8.151026,35.14335,1,157788.jpg,1
-18.889925,-9.264698,37.99472,1,174330.jpg,1
-21.171553,-8.82221,37.448116,1,159589.jpg,1
-20.310436,-8.81328,38.18151,1,038438.jpg,1
-20.453384,-11.87751,38.166138,1,186180.jpg,0
-20.855251,-8.874136,38.4959,1,114297.jpg,1
-19.881615,-8.42112,37.82416,1,103311.jpg,1
-21.624681,-10.839574,37.532455,1,034284.jpg,1
-21.247545,-8.543536,37.45357,1,110250.jpg,1
-18.919256,-11.84175,36.0725,1,172716.jpg,0
-21.798395,-10.764912,36.915607,1,115524.jpg,1
-20.114641,-7.682115,36.501595,1,022960.jpg,1
-20.01449,-9.224075,36.098724,1,161770.jpg,1
-19.031485,-9.152574,37.595467,1,183145.jpg,1
-21.360495,-9.98468,35.082066,1,010187.jpg,1
-20.572138,-8.2658615,35.667606,1,122747.jpg,1
-20.021181,-7.737931,38.095016,1,029736.jpg,1
-18.230883,-11.796513,36.845886,1,096108.jpg,0
-20.901413,-8.615739,35.479492,1,115785.jpg,1
-21.869919,-7.83647,37.257782,1,173215.jpg,1
-21.251324,-9.913093,38.511276,1,082121.jpg,1
-20.561878,-7.6555305,36.184937,1,191756.jpg,1
-20.254719,-8.483205,38.249264,1,152479.jpg,1
-21.271385,-10.117867,35.090214,1,139732.jpg,1
-22.428852,-8.426246,36.630203,1,092551.jpg,1
-20.119482,-7.6859202,37.876442,1,153888.jpg,1
-21.138092,-10.683507,38.30525,1,124345.jpg,1
-22.062502,-9.451333,36.576004,1,161951.jpg,1
-22.228596,-9.812568,36.235962,1,128021.jpg,1
-19.87688,-8.791823,38.08153,1,072921.jpg,1
-20.962612,-8.866333,38.282967,1,059193.jpg,1
-20.223494,-9.530091,36.325695,1,196073.jpg,1
-21.696127,-9.536384,37.83009,1,110756.jpg,1
-19.606068,-7.7542925,37.124928,1,058102.jpg,1
-21.811773,-8.668469,36.55854,1,117225.jpg,1
-20.113531,-8.855593,37.64844,1,077877.jpg,1
-20.455727,-8.008311,35.911747,1,072032.jpg,1
-20.844116,-8.862041,36.76079,1,000065.jpg,1
-19.617155,-8.876565,37.44484,1,007335.jpg,1
-19.94614,-8.735796,38.12198,1,096261.jpg,1
-21.106037,-8.957277,37.233086,1,176230.jpg,1
-20.907787,-7.7452517,36.837437,1,027277.jpg,1
-20.29976,-8.306156,35.245514,1,088221.jpg,1
-20.205063,-8.611232,37.014206,1,179226.jpg,1
-20.465523,-9.644714,37.287968,1,173287.jpg,1
-19.809801,-8.794104,38.330654,1,066344.jpg,1
-21.205496,-7.573379,37.36261,1,025676.jpg,1
-20.123766,-8.470856,36.834896,1,013529.jpg,1
-20.009169,-8.138898,37.66066,1,040937.jpg,1
-20.09744,-8.742412,35.403397,1,042410.jpg,1
-19.115873,-8.641504,37.86022,1,093565.jpg,1
-20.78147,-9.182318,37.76158,1,200585.jpg,1
-21.994106,-9.363288,36.879307,1,037224.jpg,1
-20.689564,-7.5698767,37.839317,1,131502.jpg,1
-19.541155,-9.085206,38.302536,1,136429.jpg,1
-21.005428,-9.343587,36.679558,1,034919.jpg,1
-20.492804,-8.852244,36.456356,1,070811.jpg,1
-20.56219,-7.815614,36.51847,1,186298.jpg,1
-20.88297,-8.470081,38.377987,1,033764.jpg,1
-21.631008,-8.048166,36.636826,1,077600.jpg,1
-18.804098,-8.3193655,35.851685,1,136054.jpg,1
-21.051964,-8.31663,37.68059,1,082926.jpg,1
-21.344505,-8.299102,35.632584,1,134098.jpg,1
-19.55691,-8.457718,37.559544,1,057341.jpg,1
-19.589457,-8.082498,36.83861,1,193833.jpg,1
-20.991444,-7.891987,36.025707,1,047854.jpg,1
-21.998,-8.302533,37.657646,1,070652.jpg,1
-21.594866,-10.498711,35.464336,1,157994.jpg,1
-20.805632,-8.33511,38.00275,1,100465.jpg,1
-19.592512,-8.286177,37.3375,1,188105.jpg,1
-20.182568,-8.330589,36.80425,1,001161.jpg,1
-21.97031,-9.727243,36.958584,1,042238.jpg,1
-21.03079,-10.460566,37.95755,1,027043.jpg,1
-21.418503,-10.177611,37.892933,1,092574.jpg,1
-22.122791,-8.465014,37.283714,1,183731.jpg,1
-20.610216,-8.7512455,36.23271,1,011946.jpg,1
-21.87663,-7.9944243,36.751255,1,000444.jpg,1
-20.450003,-9.112567,37.842194,1,155107.jpg,1
-18.570322,-9.278903,37.795444,1,085241.jpg,1
-21.032698,-8.453031,35.532776,1,090286.jpg,1
-21.229649,-8.654204,37.299187,1,125989.jpg,1
-21.00044,-8.0556965,37.144543,1,185983.jpg,1
-21.462135,-10.690612,35.70101,1,060560.jpg,1
-21.357044,-9.633759,36.611477,1,088319.jpg,1
-22.391172,-8.748667,36.52428,1,095534.jpg,1
-21.188053,-8.210224,38.335995,1,052792.jpg,1
-21.329948,-7.788889,38.077316,1,080614.jpg,1
-18.792328,-9.722582,38.253212,1,051939.jpg,1
-22.22358,-9.341824,36.841663,1,152658.jpg,1
-21.72699,-10.527434,37.801464,1,019268.jpg,1
-18.485086,-10.311773,38.410988,1,005363.jpg,0
-21.535524,-8.454899,36.468372,1,024441.jpg,1
-21.583664,-9.271009,37.617367,1,090328.jpg,1
-20.499699,-9.575551,37.053486,1,108405.jpg,1
-20.275127,-10.116625,38.168926,1,196272.jpg,1
-21.744026,-9.3931675,37.399788,1,091616.jpg,1
-21.432562,-9.37668,36.8396,1,055130.jpg,1
-21.683163,-9.954536,36.99815,1,059629.jpg,1
-20.440279,-7.538992,36.21032,1,102936.jpg,1
-21.365503,-9.32637,37.881454,1,113261.jpg,1
-19.928562,-9.111397,37.64698,1,103250.jpg,1
-21.681307,-9.006417,37.05032,1,125026.jpg,1
-21.555496,-10.49423,35.577656,1,105926.jpg,1
-19.964674,-7.983984,38.192745,1,088410.jpg,1
-21.59523,-7.8163934,37.53216,1,111408.jpg,1
-20.198204,-8.170616,35.24847,1,138134.jpg,1
-21.447777,-9.257139,37.20451,1,137371.jpg,1
-20.11042,-7.828653,35.79363,1,085777.jpg,1
-22.095509,-9.520011,36.520275,1,112434.jpg,1
-21.801504,-9.386091,36.957672,1,043299.jpg,1
-21.65728,-8.035927,37.992237,1,134768.jpg,1
-21.375721,-10.672934,37.58865,1,013037.jpg,1
-20.614525,-8.570967,38.497837,1,074663.jpg,1
-21.966394,-8.641691,37.108883,1,095881.jpg,1
-20.130957,-7.77158,38.27186,1,109677.jpg,1
-21.675253,-8.43916,37.954712,1,059778.jpg,1
-20.077251,-9.246842,38.457184,1,129568.jpg,1
-20.672878,-9.495678,37.805004,1,127519.jpg,1
-20.802149,-9.077807,37.293087,1,105490.jpg,1
-21.298292,-11.532921,35.78332,1,179727.jpg,0
-20.775496,-9.374866,37.954887,1,027470.jpg,1
-22.213919,-9.157598,37.33172,1,181289.jpg,1
-21.794767,-9.961471,36.9286,1,071612.jpg,1
-21.741518,-8.529977,36.00075,1,087467.jpg,1
-20.817125,-9.370226,37.059513,1,122822.jpg,1
-19.717602,-9.169856,38.038155,1,057340.jpg,1
-18.741697,-9.310028,38.120895,1,056523.jpg,1
-20.069445,-8.248707,37.82522,1,011628.jpg,1
-20.536047,-8.157809,35.25586,1,033697.jpg,1
-19.54695,-13.240439,36.845432,1,007450.jpg,0
-21.38038,-7.980552,36.51957,1,005020.jpg,1
-20.935518,-9.415324,35.67999,1,155844.jpg,1
-19.325642,-9.732438,37.77562,1,188581.jpg,1
-20.640198,-8.299755,38.390007,1,113268.jpg,1
-19.683998,-8.898436,38.22787,1,139471.jpg,1
-19.189695,-8.596079,38.02814,1,134854.jpg,1
-21.56691,-10.424526,36.42497,1,032200.jpg,1
-22.08295,-8.538784,36.751453,1,007572.jpg,1
-18.720827,-11.143468,36.645046,1,061568.jpg,0
-20.595873,-10.475055,36.234634,1,192126.jpg,1
-20.30464,-9.154116,36.617733,1,002747.jpg,1
-21.049759,-9.560482,37.835083,1,053801.jpg,1
-20.062859,-8.084326,35.340332,1,112347.jpg,1
-21.717365,-9.919349,37.67257,1,038200.jpg,1
-18.908607,-9.720741,38.25426,1,161601.jpg,1
-20.732101,-8.849742,38.653797,1,201604.jpg,1
-20.761753,-7.552599,36.793472,1,165471.jpg,1
-19.475958,-8.329565,36.62945,1,096135.jpg,1
-20.180729,-8.278189,35.58428,1,014403.jpg,1
-20.350864,-8.053546,37.576866,1,198682.jpg,1
-21.028845,-9.397882,36.44578,1,175902.jpg,1
-22.162405,-9.147899,36.249893,1,081132.jpg,1
-22.137093,-10.100104,37.160408,1,024858.jpg,1
-20.246971,-7.590434,36.158413,1,132175.jpg,1
-21.905733,-8.680231,38.023506,1,021029.jpg,1
-20.639206,-7.428883,37.533287,1,011297.jpg,1
-21.79528,-9.2070055,36.50221,1,159609.jpg,1
-19.65629,-8.467329,36.83184,1,127572.jpg,1
-19.45444,-9.31257,38.187664,1,076778.jpg,1
-21.082636,-9.527991,37.431725,1,114994.jpg,1
-19.827465,-8.675167,38.165234,1,128252.jpg,1
-21.061646,-9.591337,38.694103,1,052116.jpg,1
-20.506842,-7.6246777,37.755,1,082230.jpg,1
-21.710152,-8.792725,38.20857,1,109518.jpg,1
-19.968567,-7.866735,36.83455,1,080084.jpg,1
-20.158916,-7.7793045,36.583954,1,179288.jpg,1
-20.85943,-7.710944,37.841602,1,031335.jpg,1
-22.226482,-9.52195,37.31455,1,016074.jpg,1
-22.22918,-9.385404,37.105404,1,021508.jpg,1
-19.541584,-7.9115715,36.235886,1,143015.jpg,1
-20.77296,-7.9040513,36.62227,1,137557.jpg,1
-21.33513,-9.372481,38.43889,1,126038.jpg,1
-21.2182,-8.064167,36.628597,1,082706.jpg,1
-19.924393,-8.079532,35.51983,1,141794.jpg,1
-21.960316,-9.91608,37.193653,1,188059.jpg,1
-22.135805,-10.005296,36.411037,1,148633.jpg,1
-21.193758,-8.677482,37.062683,1,090583.jpg,1
-19.03284,-8.071079,35.920208,1,190631.jpg,1
-20.431265,-7.415467,37.449165,1,019000.jpg,1
-21.413717,-9.963908,36.486675,1,129152.jpg,1
-21.405954,-8.776951,36.243896,1,195769.jpg,1
-20.95626,-8.626256,38.393154,1,191121.jpg,1
-21.927774,-9.638836,37.285664,1,067429.jpg,1
-19.762938,-8.284691,36.195663,1,156071.jpg,1
-20.361523,-7.579372,37.609665,1,150512.jpg,1
-19.843369,-8.274038,35.49572,1,001242.jpg,1
-22.00331,-9.729966,37.53718,1,178873.jpg,1
-20.996185,-9.124108,37.499386,1,038892.jpg,1
-20.804193,-8.969108,36.85756,1,021659.jpg,1
-20.280882,-8.7481575,38.275455,1,151801.jpg,1
-20.803375,-10.4307,36.4144,1,181622.jpg,1
-20.325972,-8.387033,37.612946,1,065379.jpg,1
-21.17149,-9.093667,37.509514,1,089696.jpg,1
-21.932005,-9.958626,37.364323,1,190411.jpg,1
-19.694822,-9.459117,37.790745,1,002389.jpg,1
-18.747467,-8.9834385,37.795116,1,195404.jpg,1
-18.699661,-11.957767,36.18918,1,017157.jpg,0
-22.352291,-8.324607,36.84013,1,132796.jpg,1
-21.3114,-10.485029,36.13688,1,018412.jpg,1
-21.900562,-9.615787,36.649353,1,155200.jpg,1
-19.846334,-8.05396,38.08275,1,077255.jpg,1
-22.360718,-8.64658,36.956566,1,131144.jpg,1
-22.368584,-9.293444,37.131786,1,026299.jpg,1
-19.859774,-7.553505,36.780773,1,028520.jpg,1
-20.405363,-8.358655,35.37192,1,141662.jpg,1
-19.033144,-12.105406,36.170643,1,167921.jpg,0
-21.423044,-9.5780945,37.813866,1,060565.jpg,1
-21.559721,-7.518168,37.250248,1,093870.jpg,1
-20.860802,-8.8081455,38.354507,1,057187.jpg,1
-21.298943,-7.7145057,36.803486,1,115768.jpg,1
-20.848091,-8.500012,37.86665,1,188063.jpg,1
-21.453938,-10.494938,38.068752,1,055107.jpg,1
-22.321098,-8.680486,36.34751,1,100195.jpg,1
-21.084152,-9.449875,38.631454,1,186989.jpg,1
-22.005697,-9.239635,37.9487,1,046479.jpg,1
-21.278547,-9.545124,35.80531,1,014731.jpg,1
-20.887817,-9.260665,36.62067,1,202566.jpg,1
-20.39155,-9.187106,38.794273,1,093419.jpg,1
-20.614538,-9.670665,35.79899,1,027468.jpg,1
-21.653812,-7.733716,37.094032,1,137725.jpg,1
-22.174522,-9.756544,37.27008,1,163997.jpg,1
-19.789648,-8.361964,35.633896,1,128937.jpg,1
-20.813412,-7.823911,37.787067,1,037938.jpg,1
-21.923693,-8.674095,36.224003,1,063816.jpg,1
-21.864859,-8.619358,37.348385,1,154110.jpg,1
-22.22456,-9.869179,37.27438,1,062723.jpg,1
-18.961094,-8.36296,35.73597,1,103457.jpg,1
-21.837284,-7.9425526,37.037174,1,126598.jpg,1
-21.137054,-9.046645,38.137276,1,162396.jpg,1
-21.40793,-9.351182,38.532375,1,199087.jpg,1
-18.835527,-8.291647,36.000088,1,103816.jpg,1
-20.02506,-7.69532,36.26702,1,148560.jpg,1
-19.541931,-10.8218565,36.24111,1,002415.jpg,0
-21.499342,-10.4593115,36.095463,1,083275.jpg,1
-18.48661,-10.274143,38.386578,1,089089.jpg,0
-20.49645,-8.511144,37.040108,1,046845.jpg,1
-21.168152,-10.688778,37.64735,1,003477.jpg,1
-19.818138,-8.381241,35.867275,1,014139.jpg,1
-21.285028,-8.652967,35.406654,1,015245.jpg,1
-21.126726,-8.529753,38.26877,1,176531.jpg,1
-21.159878,-9.084144,38.286423,1,080458.jpg,1
-20.0535,-8.367649,38.156013,1,116548.jpg,1
-21.04925,-9.11353,38.185837,1,155650.jpg,1
-19.680298,-9.163144,37.099358,1,064078.jpg,1
-19.914331,-9.557865,38.469246,1,146534.jpg,1
-20.046515,-8.425156,38.101086,1,047575.jpg,1
-21.309713,-8.346236,37.692337,1,163060.jpg,1
-19.881775,-7.6369815,37.926655,1,133455.jpg,1
-19.520342,-9.294047,37.617474,1,097859.jpg,1
-20.530394,-9.340031,38.68976,1,006783.jpg,1
-20.250875,-7.8090487,38.137783,1,058934.jpg,1
-20.857746,-8.712275,38.49625,1,067830.jpg,1
-18.817434,-12.6707945,37.377876,1,137297.jpg,0
-22.2002,-9.568305,36.12052,1,046782.jpg,1
-21.472893,-8.812273,37.58528,1,169623.jpg,1
-19.850904,-9.008215,38.53486,1,128229.jpg,1
-21.755825,-10.228254,37.70156,1,117118.jpg,1
-21.889364,-8.675658,37.472443,1,085897.jpg,1
-19.823317,-8.928271,38.114857,1,090007.jpg,1
-18.365473,-11.623213,36.906494,1,145965.jpg,0
-21.400816,-9.594183,35.476044,1,170667.jpg,1
-19.134138,-9.439799,37.610985,1,139339.jpg,1
-21.237265,-9.93841,36.446354,1,135841.jpg,1
-20.690409,-8.092316,35.923023,1,108931.jpg,1
-18.977858,-9.2552595,38.036434,1,085023.jpg,1
-20.291515,-8.117252,35.399822,1,185432.jpg,1
-18.76349,-11.614689,36.79745,1,037368.jpg,0
-19.479773,-8.840242,37.801483,1,048867.jpg,1
-20.556978,-10.452812,38.119625,1,040454.jpg,1
-19.769085,-7.7379603,36.45087,1,149792.jpg,1
-19.957472,-9.433344,36.093243,1,145884.jpg,1
-20.233593,-11.200334,36.798267,1,065878.jpg,0
-21.008062,-8.115384,38.106686,1,191542.jpg,1
-18.508986,-12.357355,37.16399,1,128353.jpg,0
-19.33884,-9.42423,38.496147,1,201431.jpg,1
-18.20857,-10.490058,37.638874,1,164933.jpg,0
-20.340666,-8.092474,37.623142,1,135557.jpg,1
-21.423033,-9.108185,36.80056,1,174831.jpg,1
-21.954725,-8.072363,37.40053,1,123795.jpg,1
-20.25279,-7.7174373,38.011757,1,195139.jpg,1
-18.808685,-9.426261,37.10433,1,000771.jpg,1
-21.765047,-8.082594,37.468487,1,140422.jpg,1
-19.890299,-8.183094,35.566868,1,076671.jpg,1
-20.624228,-8.1997595,35.499477,1,152080.jpg,1
-20.756685,-7.6898603,37.84498,1,089211.jpg,1
-20.052654,-7.865569,38.213955,1,150031.jpg,1
-20.159399,-8.210907,35.34389,1,199989.jpg,1
-21.84879,-9.436709,36.923313,1,109263.jpg,1
-21.687061,-9.2792,38.351963,1,181056.jpg,1
-20.984064,-8.169533,36.664883,1,192699.jpg,1
-21.294863,-8.732509,35.22138,1,039391.jpg,1
-20.806698,-7.6343193,36.18646,1,099769.jpg,1
-19.839188,-8.03949,36.565945,1,171265.jpg,1
-19.851322,-7.7817516,36.53522,1,148339.jpg,1
-21.167665,-8.986988,35.274693,1,181505.jpg,1
-20.188086,-9.572415,38.113518,1,010130.jpg,1
-20.673986,-7.8349147,38.109695,1,081807.jpg,1
-22.400614,-9.512263,36.641544,1,012066.jpg,1
-19.777996,-9.053226,37.447296,1,146917.jpg,1
-20.716803,-7.626669,37.407494,1,184096.jpg,1
-17.94093,-10.017453,37.549526,1,125826.jpg,0
-21.030693,-7.9018993,37.423233,1,111052.jpg,1
-21.67365,-8.205675,36.845905,1,073255.jpg,1
-19.424353,-8.297766,36.87991,1,013077.jpg,1
-21.696772,-10.093177,36.0667,1,010791.jpg,1
-20.74696,-8.6091795,37.21027,1,091354.jpg,1
-22.087957,-9.30452,37.20866,1,139978.jpg,1
-22.133774,-8.939146,37.41885,1,142967.jpg,1
-20.115866,-7.8509088,38.047703,1,123835.jpg,1
-20.24085,-7.9525075,36.43615,1,072653.jpg,1
-20.78384,-8.846859,37.74362,1,187613.jpg,1
-21.57636,-10.174392,36.298378,1,040755.jpg,1
-21.813461,-10.233491,37.48762,1,026572.jpg,1
-20.221155,-7.5538793,36.789894,1,173201.jpg,1
-21.756186,-10.064675,37.36009,1,171228.jpg,1
-21.308096,-10.061968,35.11912,1,109254.jpg,1
-19.482233,-7.868762,35.938572,1,123284.jpg,1
-20.512434,-7.8213744,37.992737,1,180077.jpg,1
-20.315586,-7.4087605,36.848843,1,049156.jpg,1
-18.79924,-8.249703,35.91713,1,101557.jpg,1
-18.846134,-8.100157,36.02796,1,111449.jpg,1
-20.391966,-9.338972,37.4197,1,085460.jpg,1
-21.346779,-7.745177,37.527393,1,091380.jpg,1
-19.642632,-9.714608,38.554115,1,000608.jpg,1
-21.142506,-10.125551,38.447506,1,106127.jpg,1
-21.86309,-9.15691,37.696136,1,140189.jpg,1
-20.19376,-7.701772,36.063034,1,167674.jpg,1
-20.379398,-8.008425,36.227,1,106547.jpg,1
-19.601145,-8.489959,35.68544,1,173653.jpg,1
-20.336594,-8.421597,35.414146,1,072139.jpg,1
-21.51054,-8.501995,37.905853,1,119435.jpg,1
-21.172468,-10.185206,37.856476,1,136534.jpg,1
-20.843386,-8.548117,37.716656,1,069799.jpg,1
-21.592026,-8.284277,38.02495,1,143203.jpg,1
-20.786737,-8.539984,35.145004,1,077818.jpg,1
-21.346077,-8.650432,37.18616,1,135052.jpg,1
-21.310585,-9.436169,36.392902,1,007111.jpg,1
-20.778093,-9.940953,37.56403,1,187233.jpg,1
-21.147331,-11.225817,35.86437,1,176620.jpg,0
-20.802057,-9.552718,35.83261,1,189513.jpg,1
-22.41988,-9.430117,36.670876,1,141067.jpg,1
-22.159569,-8.510783,37.396313,1,128816.jpg,1
-22.27484,-9.986802,36.727936,1,164514.jpg,1
-22.368013,-8.484133,36.968964,1,055002.jpg,1
-21.082329,-8.35091,36.23926,1,059911.jpg,1
-20.53022,-9.5880785,38.281,1,084478.jpg,1
-21.39011,-7.8626943,37.585194,1,159570.jpg,1
-21.296272,-9.161795,36.92953,1,013091.jpg,1
-20.511707,-8.357085,37.66713,1,125803.jpg,1
-21.903212,-9.48248,37.13056,1,141822.jpg,1
-19.504162,-8.32586,36.926144,1,156177.jpg,1
-20.248318,-9.737103,35.97044,1,050182.jpg,1
-20.547947,-9.018897,36.921577,1,181279.jpg,1
-18.607533,-9.665683,38.18974,1,003940.jpg,1
-22.353115,-8.49444,36.693615,1,002310.jpg,1
-18.718578,-9.759769,38.29031,1,124857.jpg,1
-20.183517,-7.807999,37.959892,1,182717.jpg,1
-20.201458,-10.322267,38.05042,1,184090.jpg,1
-18.671913,-9.270745,38.16545,1,096167.jpg,1
-19.738033,-9.025852,38.155567,1,081551.jpg,1
-18.518717,-12.519345,36.46159,1,087012.jpg,0
-21.233994,-9.216691,37.97438,1,082794.jpg,1
-21.122808,-7.5994167,37.351368,1,084255.jpg,1
-21.224125,-9.968769,37.254063,1,197219.jpg,1
-22.386879,-8.8653,36.951275,1,122315.jpg,1
-21.175007,-8.551257,38.136555,1,174813.jpg,1
-21.138819,-8.747477,37.1916,1,057833.jpg,1
-18.443377,-10.231367,38.42679,1,191125.jpg,0
-19.302,-8.398424,37.137207,1,050791.jpg,1
-22.133413,-8.403048,36.452847,1,037961.jpg,1
-21.453388,-9.347483,37.731922,1,137329.jpg,1
-18.761608,-8.369538,36.01683,1,122866.jpg,1
-21.39121,-8.070067,38.082443,1,196937.jpg,1
-21.149027,-10.966981,38.152004,1,022706.jpg,0
-20.688648,-7.584149,36.97532,1,133066.jpg,1
-21.7327,-10.15334,35.65491,1,098757.jpg,1
-19.854261,-9.6539545,38.297417,1,040504.jpg,1
-21.316921,-9.272925,38.426064,1,031724.jpg,1
-19.142807,-9.559607,38.245476,1,061465.jpg,1
-20.831888,-9.255521,38.12122,1,119733.jpg,1
-20.499172,-7.676048,37.404926,1,067157.jpg,1
-20.400053,-7.7743926,36.4065,1,066409.jpg,1
-21.263573,-9.544978,35.32422,1,189037.jpg,1
-20.216928,-9.646445,36.102596,1,007573.jpg,1
-20.305489,-8.079529,37.652515,1,133904.jpg,1
-21.90363,-9.001924,37.999626,1,131426.jpg,1
-21.045792,-9.118245,37.806248,1,079246.jpg,1
-21.181684,-7.5593686,37.639698,1,041032.jpg,1
-20.177147,-7.5266137,36.245804,1,030484.jpg,1
-20.513784,-9.749824,37.81645,1,003461.jpg,1
-19.908857,-7.533957,37.575996,1,176915.jpg,1
-20.275946,-8.940915,38.609936,1,153401.jpg,1
-19.249083,-9.834469,38.22085,1,117232.jpg,1
-18.7342,-8.303992,35.8827,1,082996.jpg,1
-19.888523,-7.852538,36.998455,1,000439.jpg,1
-21.380394,-10.149961,38.145184,1,047763.jpg,1
-22.240948,-8.845836,37.57838,1,153777.jpg,1
-21.79071,-8.168882,37.921753,1,006102.jpg,1
-18.400244,-9.789504,37.336258,1,035037.jpg,1
-21.877241,-8.6522045,37.766224,1,049173.jpg,1
-20.180187,-7.6143556,36.62665,1,153964.jpg,1
-21.176044,-9.0311575,37.712166,1,034757.jpg,1
-22.551668,-8.42157,37.049816,1,065738.jpg,1
-20.272673,-9.578965,35.60811,1,120627.jpg,1
-19.015108,-8.1288805,36.13524,1,182601.jpg,1
-20.8286,-7.664657,37.517612,1,068523.jpg,1
-19.917551,-7.481843,36.95656,1,163742.jpg,1
-20.35887,-8.298148,35.033916,1,054747.jpg,1
-22.176579,-9.944319,37.496113,1,092400.jpg,1
-20.463057,-9.271165,38.203773,1,173249.jpg,1
-20.261171,-8.22492,37.31504,1,175092.jpg,1
-21.14311,-10.459032,37.368507,1,084999.jpg,1
-21.74876,-10.508898,37.648438,1,128797.jpg,1
-18.875134,-8.133436,36.009068,1,062003.jpg,1
-20.311583,-8.641445,35.53918,1,151122.jpg,1
-22.053493,-7.9356356,36.86887,1,096404.jpg,1
-21.446913,-9.603113,38.50691,1,155271.jpg,1
-21.51609,-8.763344,38.18046,1,090418.jpg,1
-21.808458,-9.671417,36.04087,1,174909.jpg,1
-21.69065,-8.307771,36.421417,1,028290.jpg,1
-20.014503,-7.621085,36.326134,1,106797.jpg,1
-19.616756,-8.646474,37.903908,1,036907.jpg,1
-21.825241,-9.40365,37.911892,1,181839.jpg,1
-20.750088,-8.533287,36.886597,1,025126.jpg,1
-21.213758,-9.163972,38.059574,1,071482.jpg,1
-21.960491,-9.40962,37.654408,1,027966.jpg,1
-22.154093,-9.901983,36.87671,1,193643.jpg,1
-22.380768,-9.686196,36.464603,1,153626.jpg,1
-21.511297,-7.9792466,36.40719,1,026421.jpg,1
-20.478216,-7.5822115,36.669895,1,115739.jpg,1
-21.513931,-10.079292,35.269253,1,107536.jpg,1
-20.306665,-10.410001,38.636715,1,078788.jpg,1
-22.31383,-9.479558,37.360447,1,081605.jpg,1
-22.23292,-8.822764,36.800808,1,100232.jpg,1
-20.217085,-11.641344,37.91579,1,081760.jpg,0
-20.759907,-8.536715,37.142868,1,155616.jpg,1
-20.703394,-8.401976,37.57574,1,022264.jpg,1
-21.345522,-8.29171,35.596912,1,005799.jpg,1
